nhl_game_id,date,start_et,away_team,home_team,away_abbr,home_abbr,info_source,h_xgf60,h_xga60,h_gf60,h_ga60,h_sf60,h_sa60,h_pp_xgf,h_pk_xga,h_finish,h_save,h_goalie,h_goalie_id,h_goalie_name,h_goalie_status,h_lineup,h_lineup_typ,h_b2b,h_out,a_xgf60,a_xga60,a_gf60,a_ga60,a_sf60,a_sa60,a_pp_xgf,a_pk_xga,a_finish,a_save,a_goalie,a_goalie_id,a_goalie_name,a_goalie_status,a_lineup,a_lineup_typ,a_b2b,a_out,d_xgf60,d_xga60,d_gf60,d_ga60,d_sf60,d_sa60,d_pp_xgf,d_pk_xga,d_finish,d_save,d_goalie,d_lineup,p_home,xg_home,xg_away,pred_total,book_ml_home,book_ml_away,book_total,book_over,book_under,book_p_home,book_p_over,pm_p_home,market_p_home,edge_home,final_p_home,total_line,p_over_line,pick,pick_prob,away_score,home_score,result_type,winner,correct,model_correct,market_pick,market_correct,total,total_err,bet_side,bet,bet_profit,pm_volume,pm_p_over_4.5,pm_p_over_5.5,pm_p_over_6.5,pm_p_over_7.5
2026020035,2026-10-04,1:00 PM,Winnipeg Jets,Detroit Red Wings,WPG,DET,boxscore,3.07439608598052,3.104580835893022,2.7216927682384595,3.131137518951973,27.88559755272548,27.723622271979547,0.7161813550975615,0.6193035543504355,-0.3527326388780464,-0.0235554951539993,0.2333892604787513,8476434,J. Gibson,Actual starter,6.591891922941981,7.738289240298408,0,,3.078898598538341,3.1870147705259324,2.743695866421107,3.191555225445267,27.16339205753566,27.83212372979648,0.6592668122487026,0.6492757102049196,-0.3456324672830186,-0.0046967068333354,0.2735366266217078,8479973,S. Skinner,Actual starter,7.591445723934112,7.63269654267338,0,,-0.004502512557821,-0.0824339346329106,-0.0220030981826475,-0.0604177064932942,0.7222054951898187,-0.1085014578169349,0.0569145428488588,-0.029972155854484,-0.0071001715950277,-0.0188587883206638,-0.0401473661429565,-0.999553800992131,0.4892052534998073,2.91615458317026,2.992251685807273,5.908406268977533,-102,-119,5.5,-121,-100,0.4816715542521994,0.5226781857451405,,0.4816715542521994,0.0075336992476079,0.4846842261538164,5.5,0.5394983295383783,WPG,0.5153157738461835,3,2,REG,WPG,True,True,WPG,1.0,5,0.908406268977533,DET,False,0.0,,,,,
2026020036,2026-10-04,6:00 PM,Utah Mammoth,New York Rangers,UTA,NYR,boxscore,3.03899824832869,3.265781558086655,2.9687231538080656,2.7522832253204608,25.59914982409858,27.946527061531967,0.6370728871544,0.7189124838676866,-0.0731220849054543,0.5160157668771123,0.5630218270715048,8478048,I. Shesterkin,Actual starter,7.801648566066161,7.419719834648163,0,,3.2318521986984945,3.121140087516113,3.47276194498821,2.821282487856243,28.32816483474962,26.45198961802985,0.6305658117590051,0.6739185078574152,0.2406299583399928,0.2994624830788648,0.2664218372443859,8478872,K. Vejmelka,Actual starter,8.70013317508953,8.269711124158881,1,,-0.1928539503698045,0.1446414705705421,-0.5040387911801445,-0.0689992625357822,-2.729015010651043,1.494537443502118,0.0065070753953949,0.0449939760102713,-0.3137520432454472,0.2165532837982474,0.2965999898271189,-0.8984846090233685,0.5386008030540497,3.0606792011104336,2.877546433887259,5.938225634997693,-115,-105,5.5,-119,-100,0.5108342361863488,0.5207877461706784,,0.5108342361863488,0.0277665668677008,0.521958532431154,5.5,0.544347599013797,NYR,0.521958532431154,2,4,REG,NYR,True,True,NYR,1.0,6,-0.0617743650023072,NYR,False,0.0,,,,,
2026020037,2026-10-04,8:00 PM,Florida Panthers,Anaheim Ducks,FLA,ANA,boxscore,3.40436240716886,3.31513525550048,3.136372783306621,3.3475983043736486,30.00982525763078,27.88163500512461,0.7470810827096515,0.6793853148412045,-0.2716426434697965,-0.0285075140247729,0.2231453858120071,8480843,L. Dostal,Actual starter,6.7627197389375455,7.770502184334783,0,,3.230879298521732,3.187487181904126,2.915476029597833,3.131458203137431,26.96722946932722,27.307735369438824,0.8087047226411662,0.7648618758980668,-0.3255452799087582,0.0643698260432787,0.0297143341170912,8474593,J. Markstrom,Actual starter,7.968855828060418,6.374028308784484,0,,0.1734831086471282,0.1276480735963541,0.220896753708788,0.2161401012362174,3.042595788303561,0.573899635685791,-0.0616236399315147,-0.0854765610568623,0.0539026364389617,-0.0928773400680516,0.1934310516949159,-1.2061360891228723,0.4743117467694803,2.994717711750978,3.19943598435594,6.194153696106918,118,-137,6.5,-118,102,0.4424448344098868,0.5223069506529932,,0.4424448344098868,0.0318669123595935,0.4551496702233398,6.5,0.4248506876030891,FLA,0.5448503297766601,2,3,OT,ANA,False,False,FLA,0.0,5,1.194153696106918,ANA,False,0.0,,,,,
2026020038,2026-10-04,8:00 PM,Calgary Flames,Seattle Kraken,CGY,SEA,boxscore,2.77324842607476,3.2035296472795385,2.7837721156114945,3.138112296697809,26.62618464504964,29.05130905576249,0.551262663422892,0.6057173477673563,0.0112790428109368,0.0680294279059254,0.213609646278177,8478916,J. Daccord,Actual starter,7.161349740437973,7.284157522774368,1,,2.8295493413997543,3.470934964007126,2.537744431037243,3.321542532793832,27.321920746511303,30.193920020903303,0.5075897592212631,0.6984551998728695,-0.2977805205930215,0.1563161377879324,0.2158911960416018,8481692,D. Wolf,Actual starter,5.835529259486575,6.142029692077529,1,,-0.0563009153249942,-0.2674053167275874,0.2460276845742517,-0.1834302360960222,-0.6957361014616694,-1.1426109651408112,0.0436729042016288,-0.0927378521055132,0.3090595634039584,-0.0882867098820069,-0.0022815497634247,1.325820480951398,0.6191057875045547,3.339857034958983,2.630321438413314,5.970178473372297,-162,136,5.5,-120,-101,0.593369754159424,0.5205006473888649,,0.593369754159424,0.0257360333451307,0.603734445346756,5.5,0.5495185070058728,SEA,0.603734445346756,1,6,REG,SEA,True,True,SEA,1.0,7,-1.029821526627703,SEA,False,0.0,,,,,
2026020039,2026-10-04,9:00 PM,Vegas Golden Knights,Vancouver Canucks,VGK,VAN,boxscore,2.8468830500959665,3.2418802275527243,3.055050602572529,3.881050021819112,25.80308295269081,29.61642436956365,0.5740702694979702,0.6181777865370467,0.2166490049942006,-0.6385882324343795,-0.120299075643724,8480947,K. Lankinen,Actual starter,5.785046413089865,6.087973261668068,1,,3.330214634521897,2.730514395929128,3.2254966947619006,2.8384618480302604,29.56705493767732,25.082898787096106,0.7209326582726089,0.5272587027304128,-0.1032899449772785,-0.1131603903578481,0.0056648587418353,8478499,A. Hill,Actual starter,9.179663590029062,8.865618952065011,0,,-0.4833315844259305,0.5113658316235967,-0.1704460921893718,1.0425881737888512,-3.763971984986505,4.533525582467544,-0.1468623887746386,0.0909190838066339,0.3199389499714791,-0.5254278420765313,-0.1259639343855593,-3.394617176939197,0.1935980786122098,2.265654490133742,4.135174257620838,6.40082874775458,237,-295,6.5,105,-126,0.2843465428499442,0.466652901094363,,0.2843465428499442,-0.0907484642377344,0.2451737192940395,6.5,0.4578025586247192,VGK,0.7548262807059605,3,2,REG,VGK,True,True,VGK,1.0,5,1.4008287477545798,VGK,True,0.3389830508474576,,,,,
2026020040,2026-10-05,7:00 PM,Philadelphia Flyers,Tampa Bay Lightning,PHI,TBL,boxscore,3.302100028110425,3.048741544935215,3.1816100932526306,2.947294376490025,28.32208684719233,26.874133999134177,0.6720066213965975,0.647684592641562,-0.1247588245559343,0.1008249385646641,0.4278080477193361,8476883,A. Vasilevskiy,Actual starter,9.252990644029277,8.777705796985405,0,,2.963359776163953,3.0242724746635368,2.773897422140928,3.0042244279385693,25.480609718382222,27.956431037978028,0.743416830249575,0.650857544031014,-0.1964458386673057,0.0317852183740345,0.0641557241883511,8478435,D. Vladar,Actual starter,7.554733528356224,7.24069984965962,0,,0.3387402519464717,0.0244690702716781,0.4077126711117027,-0.0569300514485444,2.841477128810112,-1.082297038843851,-0.0714102088529774,-0.003172951389452,0.0716870141113714,0.0690397201906296,0.3636523235309849,1.6982571156730524,0.6669895926344501,3.53615987830568,2.58666139542272,6.1228212737284,-225,185,5.5,-126,106,0.6636481241914618,0.5345580360820495,,0.6636481241914618,0.0033414684429883,0.6649867000999974,5.5,0.573841037283874,TBL,0.6649867000999974,1,4,REG,TBL,True,True,TBL,1.0,5,1.1228212737284,TBL,False,0.0,,,,,
2026020041,2026-10-05,7:30 PM,Ottawa Senators,Boston Bruins,OTT,BOS,boxscore,3.05225933570758,3.430171727232488,3.050614881382052,2.7929841402798496,27.05222367370141,29.010172367914965,0.6031439764231152,0.7957888421786975,-0.0044421598668351,0.6442539032191688,0.4671789474362929,8480280,J. Swayman,Actual starter,7.479122269221472,7.753596334872898,0,,3.4747112071315978,2.905405573498777,3.295318636947063,2.716057926913437,29.34688716408001,25.76803612294709,0.7839318301841739,0.6228104701171255,-0.1801530567588632,0.1932170835496788,0.2489575762676466,8476999,L. Ullmark,Actual starter,7.648492168960665,7.987067355652208,0,,-0.4224518714240184,0.5247661537337107,-0.2447037555650109,0.0769262133664128,-2.2946634903786,3.242136244967874,-0.1807878537610586,0.1729783720615719,0.175710896892028,0.4510368196694899,0.2182213711686463,-0.169369899739193,0.4388599131335903,2.844308969468272,3.035075299629808,5.879384269098079,-105,-116,5.5,-122,-101,0.4881618596642272,0.5223670756646216,,0.4881618596642272,-0.0493019465306369,0.468359093588123,5.5,0.5347573276683372,OTT,0.531640906411877,4,1,REG,OTT,True,True,OTT,1.0,5,0.8793842690980789,OTT,False,0.0,,,,,
2026020042,2026-10-05,7:30 PM,Winnipeg Jets,Pittsburgh Penguins,WPG,PIT,boxscore,3.3526387226230066,3.177309571357397,3.815200131900217,3.238156218718584,28.63664997209805,27.075971575066024,0.7147011107753378,0.613451353089588,0.4579016313363136,-0.0633795679017316,-0.1013927951385611,8483703,S. Murashov,Actual starter,8.26646292573753,7.996741610986821,0,,3.095742195239759,3.25242389172312,2.758573526786761,3.131166145991323,27.17782784876776,28.252346361375483,0.6767258574192292,0.6762005274233219,-0.3470071010798619,0.1211219809797146,0.0277198379230942,8483532,C. Stevenson,Actual starter,7.580881872639786,7.629934098745754,1,,0.2568965273832475,-0.0751143203657229,1.0566266051134554,0.1069900727272603,1.4588221233302896,-1.1763747863094594,0.0379752533561086,-0.0627491743337339,0.8049087324161756,-0.1845015488814462,-0.1291126330616553,0.685581053097744,0.6566505952613019,3.6945270052534336,2.7996460236323184,6.494173028885752,-178,145,6.5,-105,-114,0.6106987816832377,0.4901832460732984,,0.6106987816832377,0.0459518135780642,0.6293692071127984,6.5,0.4725585239948175,PIT,0.6293692071127984,3,2,REG,WPG,False,False,PIT,0.0,5,1.4941730288857524,PIT,False,0.0,,,,,
2026020043,2026-10-05,8:00 PM,San Jose Sharks,Dallas Stars,SJS,DAL,boxscore,3.1279224937566665,2.9195571521729327,2.923892825361879,2.798324624631142,26.10877310646448,26.0810743519,0.7431284833060685,0.6360917944623059,-0.2103220943154057,0.1240117298227913,0.2295933647282609,8479979,J. Oettinger,Actual starter,8.57827590713819,8.22030089452842,0,,2.8316400224898133,3.170962339530754,3.11271958767466,3.400299038129292,26.760218188230507,28.80832288800785,0.591446097065546,0.7311386048178659,0.2896335696599956,-0.2264775110659462,-0.0333748682251373,8482137,Y. Askarov,Actual starter,6.683220018419989,7.085159180666614,0,,0.2962824712668532,-0.2514051873578213,-0.1888267623127806,-0.6019744134981497,-0.6514450817660276,-2.7272485361078616,0.1516823862405225,-0.0950468103555599,-0.4999556639754013,0.3504892408887376,0.2629682329533983,1.8950558887182007,0.7021902696810127,3.5604334207048867,2.4431924849874087,6.003625905692296,-218,184,6.5,-100,-120,0.6606624551818336,0.4782608695652174,,0.6606624551818336,0.041527814499179,0.6776184270714857,6.5,0.3942796217362194,DAL,0.6776184270714857,0,5,REG,DAL,True,True,DAL,1.0,5,1.0036259056922958,DAL,False,0.0,,,,,
2026020044,2026-10-06,7:00 PM,Nashville Predators,Toronto Maple Leafs,NSH,TOR,boxscore,2.906882148301391,3.5775218018186337,2.767383477562196,3.406486174894768,26.32356750794236,31.18751523015153,0.6210857874059005,0.7914976659483767,-0.135641212285433,0.1764187372411647,0.4273969543186193,8476932,A. Stolarz,Actual starter,8.07756238602284,7.318661130231323,0,,3.0660012133755696,3.259047815970137,2.8605385494267312,2.938431989879943,27.37729929463532,29.850898797527226,0.6347182290638435,0.6974428593414047,-0.2068458517515478,0.3236085609408103,0.0501670238925647,8477424,J. Saros,Actual starter,7.466925794723995,7.317083793975168,0,,-0.1591190650741785,0.3184739858484966,-0.0931550718645355,0.4680541850148247,-1.0537317866929603,1.3366164326243002,-0.0136324416579429,0.0940548066069719,0.0712046394661148,-0.1471898236996455,0.3772299304260546,0.6106365912988458,0.5494627058735659,3.3371767210511862,3.104589450354902,6.441766171406089,-167,141,6.0,-122,102,0.6011770505026364,0.5260865852617197,,0.6011770505026364,-0.0517143446290704,0.5806940444432348,6.0,0.5515075443175729,TOR,0.5806940444432348,4,5,OT,TOR,True,True,TOR,1.0,9,-2.5582338285939112,NSH,True,-1.0,,,,,
2026020045,2026-10-06,7:00 PM,Carolina Hurricanes,Montreal Canadiens,CAR,MTL,boxscore,3.2845422104873165,3.362643688468785,3.259292346959115,2.947782603889756,26.668824799660843,28.509855966610925,0.6842042888895469,0.7573186933528163,-0.0272992111217517,0.4194465973468296,0.4347261594431381,8482487,J. Dobes,Actual starter,8.36929944607592,8.53490403906712,0,,3.524533298012042,2.8259796444258067,3.2160855741303216,2.835225171092944,30.60037232762132,24.452743509359568,0.7345256545062291,0.6019416687575865,-0.3237495572995701,-0.0048861937939296,-0.012008607461619,8483548,B. Bussi,Actual starter,8.489209797256285,8.26700906350817,0,,-0.2399910875247255,0.5366640440429782,0.0432067728287934,0.1125574327968115,-3.931547527960479,4.057112457251357,-0.0503213656166822,0.1553770245952298,0.2964503461778183,0.4243327911407593,0.4467347669047571,-0.1199103511803656,0.4544883465594705,3.014307680802774,3.1527089624932088,6.167016643295982,109,-130,6.5,110,-132,0.4584412995814232,0.4556166535742341,,0.4584412995814232,-0.0039529530219526,0.4568594622722358,6.5,0.420503467390636,CAR,0.5431405377277642,6,4,REG,CAR,True,True,CAR,1.0,10,-3.832983356704018,CAR,False,0.0,,,,,
2026020046,2026-10-06,7:00 PM,Ottawa Senators,Detroit Red Wings,OTT,DET,boxscore,3.1463148477264395,3.119939682542266,2.6884080595832254,3.123571386114089,28.302222273164592,27.70515651541575,0.7392217844857824,0.639053501076655,-0.4579457605038984,-0.0007926285599454,0.2349893072306429,8476434,J. Gibson,Actual starter,7.066523205304135,7.661518441444819,0,,3.4123182852102496,2.8680127575443004,3.3276770313997344,2.633745104195084,29.08681003023501,25.46787151674569,0.7576053935906594,0.6062890881503702,-0.0853677999471757,0.2379234630872954,-0.2505735962275928,8481035,S. Ersson,Actual starter,7.93236217811118,7.964393988259609,1,,-0.26600343748381,0.2519269249979654,-0.639268971816509,0.4898262819190053,-0.7845877570704225,2.237284998670063,-0.018383609104877,0.0327644129262848,-0.3725779605567226,-0.2387160916472409,0.4855629034582357,-0.8658389728070457,0.5388633008077041,2.985007696848341,2.9174529014754587,5.9024605983238,-128,108,6.5,102,-122,0.5386856587892521,0.4739134147382802,,0.5386856587892521,0.0001776420184519,0.5387567167782119,6.5,0.3780343059321455,DET,0.5387567167782119,3,5,REG,DET,True,True,DET,1.0,8,-2.0975394016762,DET,False,0.0,,,,,
2026020047,2026-10-06,7:00 PM,Utah Mammoth,New Jersey Devils,UTA,NJD,boxscore,3.336414275278071,3.0328233226255006,2.750498604420624,3.177718721286361,30.136939450887247,27.4157037957307,0.6935562273364017,0.5792168466194589,-0.5926888213542675,-0.1432738905344165,0.2834341700020251,8474596,J. Allen,Actual starter,8.462805220758636,7.834972099399131,0,,3.2840497179243395,3.127007642435065,3.397848106478592,2.8796221349688134,28.42072020605013,26.264550664439245,0.6289627328857933,0.6664908557075557,0.1135233128780083,0.2470237697724789,0.2641787244160019,8478872,K. Vejmelka,Actual starter,8.6188617239535,8.298535201286299,0,,0.0523645573537314,-0.0941843198095648,-0.6473495020579683,0.2980965863175475,1.7162192448371094,1.151153131291455,0.0645934944506083,-0.0872740090880968,-0.7062121342322758,-0.3902976603068954,0.0192554455860231,-0.1560565031948648,0.5150757889556725,3.133306462708393,3.0883828005283247,6.221689263236717,-123,105,6.5,104,-118,0.5306745238345786,0.4752354377397977,,0.5306745238345786,-0.015598734878906,0.524440506936884,6.5,0.4292579677467709,NJD,0.524440506936884,5,3,REG,UTA,False,False,NJD,0.0,8,-1.7783107367632829,UTA,False,0.0,,,,,
2026020048,2026-10-06,7:30 PM,New York Islanders,New York Rangers,NYI,NYR,boxscore,3.049273684606611,3.314961755121905,3.0176446837976854,2.718792151447453,25.46291516211941,28.05812071975528,0.6318429043360627,0.7124657514982093,-0.0343296278477432,0.5985588621777844,0.5800425712218953,8478048,I. Shesterkin,Actual starter,7.905963432315964,7.445296459237369,0,,3.160841904904708,3.442685815295312,2.812124460368865,2.831040267922293,28.765878555003635,28.022190664073243,0.5972969051745867,0.6667861030386497,-0.3500939165090087,0.6167331449416855,0.2117896847117064,8473575,S. Varlamov,Actual starter,7.680739218608885,7.40421973059492,0,,-0.1115682202980967,-0.1277240601734064,0.2055202234288202,-0.1122481164748396,-3.3029633928842195,0.0359300556820301,0.034545999161476,0.0456796484595596,0.3157642886612654,-0.018174282763901,0.3682528865101888,0.2252242137070794,0.5651570398759584,3.301479855471984,2.8366459996967,6.138125855168684,-161,136,5.5,-121,-101,0.5927983025461807,0.5214399039492303,,0.5927983025461807,-0.0276412626702222,0.5818019125898272,5.5,0.5762436239945418,NYR,0.5818019125898272,2,5,REG,NYR,True,True,NYR,1.0,7,-0.8618741448313161,NYI,False,0.0,,,,,
2026020049,2026-10-06,7:00 PM,Minnesota Wild,Buffalo Sabres,MIN,BUF,boxscore,3.2358120166437363,3.019017562766469,3.427181997499945,2.9800708976552506,28.301068025800944,27.396501943887728,0.6684274580738737,0.6176883625040372,0.1871696611682359,0.0400791310054934,0.1090661832238116,8481551,C. Ellis,Actual starter,8.205641529356978,8.217075605642309,0,,3.3948397940728428,2.9437740851896805,3.247691944302576,2.7657626613411304,29.342867610744108,28.19661106836321,0.7767920459403855,0.6677747190634753,-0.1479484576039647,0.1814237816435664,0.2058161408101876,8482661,J. Wallstedt,Actual starter,8.354231003115986,8.380841194851788,0,,-0.1590277774291064,0.0752434775767882,0.1794900531973686,0.2143082363141202,-1.0417995849431634,-0.8001091244754903,-0.1083645878665118,-0.050086356559438,0.3351181187722006,-0.1413446506380729,-0.0967499575863759,-0.1485894737590083,0.4989908083856594,3.098335277856373,3.058337397375203,6.156672675231576,-107,-113,6.5,101,-121,0.4935039625828245,0.4760776372762327,,0.4935039625828245,0.0054868458028349,0.4956985871537042,6.5,0.4188455468616161,MIN,0.5043014128462958,2,3,OT,BUF,False,False,MIN,0.0,5,1.156672675231576,BUF,False,0.0,,,,,
2026020050,2026-10-06,8:00 PM,St Louis Blues,Chicago Blackhawks,STL,CHI,boxscore,2.6171046287143653,3.504300183534457,2.450554617533116,3.6005556187716627,24.738753512158222,30.129087614074333,0.5525028127444195,0.6244605592063838,-0.1675557968226368,-0.0896225847193043,0.2619449808079437,8481519,S. Knight,Actual starter,6.243964452143647,6.290219913597619,0,,2.9320711425804133,3.0233005766599748,3.0568577030517696,2.857070498967187,26.46095340351194,28.20914095960949,0.4940751371430213,0.6367265418052694,0.1235722146777696,0.1709892948876908,0.318200483578946,8480981,J. Hofer,Actual starter,7.83616579745782,7.43420050975502,0,,-0.314966513866048,0.4809996068744824,-0.6063030855186535,0.7434851198044758,-1.7221998913537178,1.919946654464841,0.0584276756013981,-0.0122659825988856,-0.2911280115004065,-0.2606118796069951,-0.0562555027710022,-1.592201345314173,0.381027053935021,2.618184542960356,3.4534280399659303,6.071612582926287,123,-147,5.5,-120,-100,0.4297072075990327,0.5217391304347826,,0.4297072075990327,-0.0486801536640117,0.4100148531311993,5.5,0.5657532792826776,STL,0.5899851468688007,2,4,REG,CHI,False,False,STL,0.0,6,0.0716125829262868,STL,False,0.0,,,,,
2026020051,2026-10-06,9:40 PM,Vegas Golden Knights,Seattle Kraken,VGK,SEA,boxscore,2.7519657096251686,3.266008172178584,2.9407060337712627,3.033851936617956,26.670109368371595,29.24774602020076,0.5251937866647935,0.5973161127856306,0.1894419521085082,0.2346319244534202,0.2511740535580185,8478916,J. Daccord,Actual starter,7.388473333210087,7.275933452975301,0,,3.385059674805996,2.6740178564778865,3.212779829260008,2.799355802176112,29.49319448591208,24.87627426553203,0.7576421680123201,0.5131567864566522,-0.1709435491974286,-0.130245521056977,-0.0668714660005646,8479394,C. Hart,Actual starter,9.16716986180447,8.88664958199337,0,,-0.633093965180827,0.5919903157006976,-0.2720737954887453,0.2344961344418443,-2.8230851175404865,4.371471754668725,-0.2324483813475265,0.0841593263289783,0.3603855013059368,0.3648774455103972,0.3180455195585832,-1.7786965285943834,0.3308365218133092,2.6622406144286748,3.5078835700151063,6.170124184443781,141,-166,6.5,-100,-119,0.3993634207128487,0.4792122538293216,,0.3993634207128487,-0.0685268988995394,0.3713026344893417,6.5,0.4210014514389107,VGK,0.6286973655106582,6,2,REG,VGK,True,True,VGK,1.0,8,-1.82987581555622,VGK,True,0.6024096385542168,,,,,
2026020052,2026-10-06,10:00 PM,Florida Panthers,Los Angeles Kings,FLA,LAK,boxscore,3.2320720064928725,2.836380499587614,2.924474343129776,3.2666265471008,28.69578688576602,27.30191886095772,0.65041581482105,0.5912225444636824,-0.3061938865616002,-0.4397505180108865,0.1230209403348839,8475311,D. Kuemper,Actual starter,8.30900823411505,7.679979807165903,0,,3.270622423027242,3.142715772709813,2.8656647659828347,3.1145119050325065,27.08629908278623,26.91192757632074,0.8298468278981376,0.7730424398839622,-0.4221363583648557,0.0343681765755437,0.0236486890318938,8474593,J. Markstrom,Actual starter,7.963531129241404,6.480829136765168,0,,-0.0385504165343695,-0.3063352731221989,0.0588095771469414,0.1521146420682937,1.609487802979789,0.3899912846369773,-0.1794310130770875,-0.1818198954202797,0.1159424718032555,-0.4741186945864303,0.09937225130299,0.3454771048736456,0.5329182728252064,3.2184707118232714,2.876149935366234,6.0946206471895055,-105,-117,5.5,-132,110,0.4871712636305324,0.5443833464257659,,0.4871712636305324,0.045747009194674,0.5054872312672476,5.5,0.5693963246262539,LAK,0.5054872312672476,2,1,REG,FLA,False,False,FLA,1.0,3,3.094620647189505,LAK,False,0.0,,,,,
2026020053,2026-10-07,7:30 PM,Pittsburgh Penguins,Washington Capitals,PIT,WSH,rotowire,3.190120816946876,3.3428758950555504,3.130375088766981,2.9136024186250373,26.97961582573138,28.68149627908458,0.6754488134734539,0.7744067849329402,-0.060810628099173,0.431598149129171,0.5899016449137353,8480313,Logan Thompson,Expected,9.07242577879356,8.267633003257894,0,Matt Roy (DTD); Rasmus Sandin (IR-NR); Patrick Thomas (IR-NR),3.3608557546901063,3.1857762765439728,3.72109129778938,3.2248607894229937,28.807843616126764,27.431739293421924,0.685725572973132,0.5906736305896763,0.35583069587274,-0.0414663190603936,-0.1610173626857932,8481668,Arturs Silovs,Expected,8.403609798345833,8.014804040554434,0,Bryan Rust (IR); Justin Brazeau (IR); Ryan Graves (IR),-0.1707349377432305,0.1570996185115776,-0.590716209022399,-0.3112583707979564,-1.8282277903953847,1.249756985662657,-0.0102767594996781,0.1837331543432639,-0.416641323971913,0.4730644681895646,0.7509190075995286,0.6688159804477269,0.5981736524493437,3.6122339836364032,2.99100605404838,6.603240037684783,-161,135,6.5,-114,-105,0.5917728943458199,0.5098167539267016,0.575,0.5917728943458199,0.0064007581035238,0.5943370649015982,6.5,0.4896664893859688,WSH,0.5943370649015982,3,5,REG,WSH,True,True,WSH,1.0,8,-1.3967599623152172,WSH,False,0.0,16199.442680000004,0.8,0.605,0.495,0.305
2026020054,2026-10-07,7:30 PM,Colorado Avalanche,Winnipeg Jets,COL,WPG,rotowire,3.108814409458714,3.26629769864294,2.7723531342043,3.075672778531135,27.527853299063835,28.445227479556348,0.6503765436391861,0.6493980006212381,-0.3457524227863496,0.1905049413299299,0.2972342236097758,8479973,Stuart Skinner,Expected,7.640432679111617,7.626649217904977,0,Connor Hellebuyck (IR-NR); Garrett Brown (IR-NR); Walker Duehr (IR-NR); Elias Salomonsson (IR-NR),3.49645862442581,2.937830128501166,3.5965394091095098,2.526737532485817,32.05919169081755,26.75492361988229,0.7153435779870198,0.6250195559223228,0.0850343067544308,0.4170918523252519,0.3438133119717567,8478406,Mackenzie Blackwood,Expected,10.35906166519746,9.827003428493803,0,Logan O'Connor (IR); Zachary L'Heureux (IR); Georgi Merkulov (IR-NR); Trent Miner (IR-NR),-0.387644214967096,0.3284675701417736,-0.8241862749052098,0.5489352460453181,-4.531338391753714,1.6903038596740494,-0.0649670343478336,0.0243784446989152,-0.4307867295407805,-0.226586910995322,-0.0465790883619808,-2.718628986085841,0.3194477785344343,2.6630752158257853,3.766474458013419,6.429549673839205,150,-184,6.5,-108,-111,0.3817204301075269,0.4967303165053623,0.375,0.3817204301075269,-0.0622726515730925,0.3562046091050044,6.5,0.4623528517558908,COL,0.6437953908949956,2,3,REG,WPG,False,False,COL,0.0,5,1.4295496738392046,COL,True,-1.0,15278.212883,0.8,0.6,0.49,0.285
2026020055,2026-10-07,10:00 PM,Edmonton Oilers,Anaheim Ducks,EDM,ANA,rotowire,3.3460418022691814,3.3509977157293047,3.118851651602913,3.271740918318092,29.44769577400621,27.94990094114973,0.7565535214771418,0.7085720562423746,-0.2288842320300269,0.0907718420978418,0.2470244401458701,8480843,Lukas Dostal,Expected,7.107864561461011,7.703014008784809,0,Drew Helleson (IR); Ian Moore (IR); Troy Terry (IR-LT),3.3437685689398275,2.978729359875476,3.608280098178072,3.2380285889308063,29.97680605013056,26.199303490290827,0.7969966892945133,0.6183999129733329,0.263103261679804,-0.2595056715146538,0.028421401651799,8482221,Devon Levi,Confirmed,8.130051554950192,8.386323436857555,0,Zach Hyman (OUT); Ryan Nugent-Hopkins (IR); Matt Savoie (IR-LT); Mattias Janmark (IR),0.0022732333293538,0.3722683558538286,-0.4894284465751588,0.0337123293872854,-0.5291102761243458,1.7505974508589013,-0.0404431678173714,0.0901721432690417,-0.4919874937098309,0.3502775136124956,0.218603038494071,-1.0221869934891812,0.4530286382821429,2.978773100687099,3.2567872363157933,6.235560337002893,110,-132,6.5,-136,113,0.4556166535742341,0.551057677674631,0.4449999999999999,0.4556166535742341,-0.0025880152920911,0.4545811518323266,6.5,0.4314765354903325,EDM,0.5454188481676734,5,2,REG,EDM,True,True,EDM,1.0,7,-0.7644396629971073,EDM,False,0.0,21459.93409,0.825,0.645,0.545,0.345
2026020056,2026-10-08,7:00 PM,Utah Mammoth,Boston Bruins,UTA,BOS,rotowire,3.0084816922652284,3.3730750812083525,2.9536270519927204,2.8517658229839755,26.693578294463126,28.77931412708524,0.5885324457045692,0.7700676701983168,-0.0575056091671741,0.5279931269176803,0.4432260340191072,8480280,Jeremy Swayman,Expected,7.533983881392841,7.735215627795492,0,Charlie McAvoy (OUT),3.312871533222141,3.1314731313421524,3.4704605162848714,2.8864857926828456,28.55316434428604,26.610408213578463,0.6700320053575229,0.689917536479512,0.1573212391671602,0.2446534229601937,0.2632806561067843,8478872,Karel Vejmelka,Expected,8.525732012294625,8.319986510240739,0,Mikhail Sergachev (DTD); Maveric Lamoureux (IR),-0.3043898409569121,0.2416019498662001,-0.516833464292151,-0.03471996969887,-1.859586049822912,2.1689059135067765,-0.0814995596529537,0.0801501337188047,-0.2148268483343344,0.2833397039574865,0.1799453779123229,-0.9917481309017848,0.432330926772849,2.8956294620312506,3.1875415699919434,6.083171032023194,105,-125,6.0,-118,-100,0.4675324675324675,0.5198237885462554,0.4549999999999999,0.4675324675324675,-0.0352015407596185,0.4533929957816687,6.0,0.4848946965604288,UTA,0.5466070042183313,1,6,REG,BOS,False,False,UTA,0.0,7,-0.916828967976806,UTA,False,0.0,24267.306709,0.775,0.555,0.425,0.245
2026020057,2026-10-08,7:00 PM,Dallas Stars,Buffalo Sabres,DAL,BUF,rotowire,3.2483312205013664,2.9430523040541714,3.3934708871085726,2.926634628724515,28.206889048787044,26.99365764108377,0.6498204513789217,0.6009805166214094,0.1385504495710487,0.0160543394093323,0.1259244620205889,8480045,Ukko Pekka Luukkonen,Expected,8.101200411193288,8.21630989975894,0,Alex Lyon (IR); Josh Doan (DTD); Conor Timmins (IR); Topias Leinonen (IR-NR),3.171992397730298,2.849970727458859,3.024839073498786,2.6651692345224034,26.13302442938951,25.479788496823023,0.7376528055009844,0.6197749766643248,-0.153098438057568,0.1874317082013464,0.2416277989114361,8479979,Jake Oettinger,Expected,8.617255806323833,8.24427341022747,0,Matt Duchene (IR-LT); Joel Kiviranta (OUT); Cameron Hughes (IR-NR); Luke Krys (IR-NR),0.0763388227710684,0.0930815765953125,0.3686318136097868,0.2614653942021117,2.0738646193975327,1.5138691442607488,-0.0878323541220627,-0.0187944600429154,0.2916488876286167,-0.1713773687920141,-0.1157033368908472,-0.5160553951305449,0.4650466377334792,2.90453093088568,3.002693870746264,5.907224801631943,-102,-118,6.0,-115,-109,0.4826358742837298,0.5063197809142617,0.485,0.4826358742837298,-0.0175892365502505,0.4755925603636193,6.0,0.4512233700879328,DAL,0.5244074396363807,4,0,REG,DAL,True,True,DAL,1.0,4,1.9072248016319435,DAL,False,0.0,13841.096579,0.78,0.565,0.445,0.25
2026020058,2026-10-08,7:00 PM,Nashville Predators,Montreal Canadiens,NSH,MTL,rotowire,3.2276356556109893,3.452311996956567,3.293114615638381,3.0956658074835866,26.372518205921025,28.73670142473141,0.6733894480840956,0.7587766748547531,0.0635372726437455,0.360980856422937,0.4308455504120641,8482487,Jakub Dobes,Expected,8.559824067097301,8.523813994886735,0,Ivan Demidov (IR); Oliver Kapanen (DTD); Sam Montembeault (DTD); Lucas Condotta (IR-NR),3.0669421022971712,3.262496096004824,2.902671188842933,3.020854182238357,27.19343150053796,30.06363197827087,0.6512984037524598,0.7133757783009307,-0.1632764232844152,0.2396809615059302,0.0355922195103878,8477424,Juuse Saros,Confirmed,7.525265910950219,7.327118264507456,0,Justus Annunen (IR),0.160693553313818,0.1898159009517437,0.3904434267954477,0.0748116252452293,-0.8209132946169397,-1.326930553539455,0.0220910443316357,0.0454008965538224,0.2268136959281607,0.1212998949170068,0.3952533309016762,1.0345581561470816,0.6302576090106049,3.583075346011501,2.889068355946812,6.472143701958313,-181,150,6.5,-107,-111,0.6169052488070892,0.4956096061816744,0.625,0.6169052488070892,0.0133523602035157,0.6222686544266607,6.5,0.4690848632125035,MTL,0.6222686544266607,5,2,REG,NSH,False,False,MTL,0.0,7,-0.5278562980416872,MTL,False,0.0,11108.391503,0.785,0.575,0.475,0.265
2026020059,2026-10-08,7:00 PM,Philadelphia Flyers,Ottawa Senators,PHI,OTT,rotowire,3.3621872929617527,2.9127655579837124,3.30940080248187,2.751118969449807,28.89518878275572,26.011162128842773,0.7551886475548706,0.6780178009637688,-0.0534800534847591,0.1651040376592472,0.258164134853301,8476999,Linus Ullmark,Expected,8.218958389837788,7.962248913758308,0,Linus Ullmark (DTD); Jake Sanderson (DTD); Andre Burakovsky (IR); Kurtis MacDermid (IR-NR),2.9004283560259254,3.1316049385681604,2.692189214218321,3.0513419690203865,25.020018672866225,28.349936020797905,0.731911547646096,0.6746588491290652,-0.2148447619233487,0.0913597810857934,0.0884969583755045,8478435,Dan Vladar,Expected,7.710958082710221,7.261729745678624,0,Rasmus Ristolainen (DTD); Nikita Grebenkin (IR); Helge Grans (IR-NR),0.4617589369358272,-0.2188393805844479,0.6172115882635492,-0.3002229995705794,3.875170109889496,-2.338773891955132,0.0232770999087745,0.0033589518347036,0.1613647084385895,0.0737442565734538,0.1696671764777965,0.508000307127566,0.6447811479872646,3.3615698365946978,2.589577501352506,5.951147337947203,-146,122,5.5,-126,104,0.5685118922332141,0.532129844319311,0.585,0.5685118922332141,0.0762692557540505,0.5996339463526492,5.5,0.546441896617471,OTT,0.5996339463526492,1,2,REG,OTT,True,True,OTT,1.0,3,2.9511473379472037,OTT,True,0.6849315068493151,21757.952396000004,0.755,0.535,0.415,0.22
2026020060,2026-10-08,7:00 PM,Minnesota Wild,Tampa Bay Lightning,MIN,TBL,rotowire,3.3961519898635424,2.9795802474966924,3.2197693130034875,2.853967014969379,28.703767620837613,26.324552821464508,0.6951473808564705,0.6413256620640163,-0.1804184906338615,0.1250340391682632,0.4288288238521429,8476883,Andrei Vasilevskiy,Expected,9.179249004865936,8.80953420135982,0,Dominic James (IR-NR); Yanni Gourde (IR-NR); Emil Lilleberg (OUT),3.2976586963258065,2.9727791917240705,3.179148275117817,2.769390334058964,28.830151623466715,28.108321156309152,0.7511026953707602,0.649204070001509,-0.1178339714733464,0.2092345865769032,0.2167090185699667,8482661,Jesper Wallstedt,Expected,8.283616473264763,8.37905918991661,0,Filip Gustavsson (IR); Brock Faber (IR); Nick Foligno (DTD),0.0984932935377358,0.0068010557726219,0.0406210378856704,0.0845766809104153,-0.1263840026291021,-1.7837683348446447,-0.0559553145142897,-0.0078784079374927,-0.062584519160515,-0.08420054740864,0.2121198052821761,0.8956325316011728,0.6132329198939939,3.3658645804463947,2.7521536746293727,6.118018255075768,-150,125,6.0,-115,-104,0.574468085106383,0.5120034919249236,0.585,0.574468085106383,0.0387648347876108,0.59011278113956,6.0,0.491502736450112,TBL,0.59011278113956,2,3,REG,TBL,True,True,TBL,1.0,5,1.1180182550757678,TBL,False,0.0,8587.660659,0.77,0.555,0.435,0.24
2026020061,2026-10-08,7:00 PM,Vancouver Canucks,Carolina Hurricanes,VAN,CAR,rotowire,3.603299482605311,2.7956392524234985,3.345915969947305,2.891721843870581,30.70682477987688,24.28528447140663,0.7372107603388678,0.5959055176787976,-0.2718482756484204,-0.0919561218694733,-0.0499491583874004,8483548,Brandon Bussi,Expected,8.508262290416093,8.281889181925607,0,Alexander Nikishin (OUT); Seth Jarvis (IR-NR),2.785255576939592,3.3004577444916032,3.004971022563176,3.832541655225259,25.560266509375804,29.540489788746783,0.5577798922517166,0.659843796268666,0.2277195532460413,-0.5315254493437769,-0.1018704148634493,8480947,Kevin Lankinen,Expected,6.144644027418753,6.067687156835604,0,Filip Chytil (IR); Thatcher Demko (IR); Mackenzie MacEachern (IR-NR); Akil Thomas (IR-NR),0.8180439056657192,-0.5048184920681047,0.3409449473841293,-0.940819811354678,5.146558270501078,-5.2552053173401525,0.1794308680871511,-0.0639382785898683,-0.4995678288944618,0.4395693274743035,0.0519212564760489,2.36361826299734,0.7829565124429353,4.068587387996543,2.3360456188474847,6.404633006844028,-325,260,6.5,-102,-118,0.7335423197492164,0.4826358742837298,0.745,0.7335423197492164,0.0494141926937189,0.7541359067152246,6.5,0.4584057544824448,CAR,0.7541359067152246,2,7,REG,CAR,True,True,CAR,1.0,9,-2.595366993155972,CAR,False,0.0,34029.815512,0.815,0.615,0.495,0.305
2026020062,2026-10-08,7:30 PM,Chicago Blackhawks,New York Islanders,CHI,NYI,rotowire,3.115742486550606,3.464643762697787,2.7747151708185256,2.9372760850013293,28.30294752487104,27.84242530526792,0.6000711373229636,0.6936149164119331,-0.3423341138348688,0.5321760848868005,0.6524682083319843,8478009,Ilya Sorokin,Confirmed,7.440388941799851,7.4227374134889885,0,Alexander Romanov (OUT); Mathew Barzal (IR-NR),2.664352628027728,3.484158033044375,2.528292590838201,3.5204296668606765,24.602691018854365,29.978466262912104,0.5515561048914628,0.6450180758361203,-0.1370181431383313,-0.0299971843504679,0.2731252491747118,8481519,Spencer Knight,Expected,6.132779147367133,6.287122323718962,0,Connor Bedard (IR-NR); Teuvo Teravainen (OUT); Andrew Mangiapane (IR); Ryan Ellis (IR),0.4513898585228784,-0.0195142703465882,0.2464225799803245,-0.5831535818593472,3.700256506016675,-2.136040957644191,0.0485150324315007,0.0485968405758128,-0.2053159706965374,0.5621732692372684,0.3793429591572724,1.307609794432718,0.6910482235505958,3.573017893004053,2.552445281470267,6.12546317447432,-185,152,5.5,-125,105,0.6206070287539937,0.5324675324675325,0.625,0.6206070287539937,0.0704411947966021,0.6496008333597176,5.5,0.5742562593302429,NYI,0.6496008333597176,1,4,REG,NYI,True,True,NYI,1.0,5,1.1254631744743202,NYI,True,0.5405405405405406,7896.736824999999,0.765,0.535,0.415,0.235
2026020063,2026-10-08,8:00 PM,San Jose Sharks,St Louis Blues,SJS,STL,rotowire,2.9437832009528626,3.048674456333976,3.005632308758732,2.913598885383456,26.514047414669623,27.874107778065817,0.5224541733230208,0.6310034014101578,0.0606952832548669,0.1395741360645125,0.3292113684879472,8480981,Joel Hofer,Expected,7.75959871262248,7.461118922578523,0,Logan Mailloux (IR); Alexey Toropchenko (IR); Tyler Tucker (IR); Adam Jecho (IR-NR),2.7670175673329105,3.212601764078252,2.9618162255384264,3.4743495811371914,26.12059995461454,28.68016672754405,0.577650181501936,0.7263393143661738,0.2028618383816686,-0.2590421320083659,-0.0492308207469854,8482137,Yaroslav Askarov,Expected,7.170419492807197,7.058242517386756,0,Macklin Celebrini (DTD); Adam Gaudette (IR); Alex Barre-Boulet (IR); Logan Couture (IR),0.1767656336199521,-0.163927307744276,0.0438160832203049,-0.5607506957537356,0.3934474600550857,-0.8060589494782384,-0.0551960081789152,-0.095335912956016,-0.1421665551268017,0.3986162680728784,0.3784421892349326,0.589179219815283,0.6036000802225493,3.344692562871638,2.67597746678824,6.020670029659877,-152,127,5.5,-125,105,0.5779177274554469,0.5324675324675325,0.575,0.5779177274554469,0.0256823527671024,0.5882496134868936,5.5,0.5576346987371452,STL,0.5882496134868936,3,2,OT,SJS,False,False,STL,0.0,5,1.0206700296598772,STL,False,0.0,46991.556211,0.76,0.535,0.425,0.2299999999999999
2026020064,2026-10-08,9:00 PM,Colorado Avalanche,Calgary Flames,COL,CGY,rotowire,2.913199117450592,3.4103224633289333,2.467509502870873,3.448248127412045,27.615016618444702,30.035445548875987,0.5048176769835465,0.6641652640598842,-0.4513371023494288,-0.0313836129065872,0.1656104248421071,8481692,Dustin Wolf,Expected,5.6417775702926525,6.121504275014238,0,Jonathan Huberdeau (IR),3.482053663827332,2.917817879306305,3.514742713549803,2.55357224355705,32.134640648464824,26.406241264246724,0.7031874863581673,0.5981845371432039,0.0184823771696804,0.3699158262222954,0.2945266542001307,8475809,Scott Wedgewood,Expected,10.294846001796156,9.860395972455676,1,Logan O'Connor (IR); Georgi Merkulov (IR-NR); Trent Miner (IR-NR),-0.5688545463767403,0.4925045840226278,-1.0472332106789295,0.8946758838549949,-4.519624030020118,3.629204284629264,-0.1983698093746208,0.0659807269166803,-0.4698194795191093,-0.4012994391288826,-0.1289162293580235,-4.653068431503503,0.2506753674844529,2.41418313560167,3.9933662474931695,6.407549383094839,195,-236,6.5,-108,-111,0.3255183104049602,0.4967303165053623,0.3149999999999999,0.3255183104049602,-0.0748429429205073,0.2941898643917419,6.5,0.4588680712863998,COL,0.705810135608258,7,3,REG,COL,True,True,COL,1.0,10,-3.592450616905161,COL,True,0.423728813559322,7284.638196999999,0.795,0.58,0.475,0.265
2026020065,2026-10-08,10:00 PM,Toronto Maple Leafs,Vegas Golden Knights,TOR,VGK,rotowire,3.385656847622592,2.6761309810060943,3.342792759747049,2.763470029220497,29.424874782780208,25.01569966393808,0.7727334834471766,0.5299520879311731,-0.0416094355364489,-0.0919677921952741,-0.0590614109167817,8479394,Carter Hart,Expected,9.059600553692713,8.905435185945576,0,Victor Olofsson (DTD); Raphael Lavoie (DTD); Lukas Cormier (IR-NR); Ben Hemmerling (IR-NR),2.9297013004192927,3.550196531031604,2.857446291326847,3.4175495183656466,26.72641973637175,30.79727608682469,0.6408865007570885,0.7990573037582024,-0.0639306072503712,0.135483640729077,0.1091295741971703,8475683,Sergei Bobrovsky,Expected,8.421858512215751,7.36948247705064,0,Max Domi (IR-LT); Dakota Joshua (IR-LT); Elvis Merzlikins (IR-LT); William Villeneuve (IR-NR),0.455955547203299,-0.8740655500255095,0.485346468420202,-0.65407948914515,2.6984550464084585,-5.781576422886616,0.1318469826900881,-0.2691052158270293,0.0223211717139223,-0.2274514329243511,-0.168190985113952,0.6377420414769599,0.6874955338900498,3.844114509295918,2.6951944012298075,6.539308910525726,-169,140,6.5,-100,-120,0.6012451823302698,0.4782608695652174,0.615,0.6012451823302698,0.08625035155978,0.6368615856606296,6.5,0.4796572851900332,VGK,0.6368615856606296,3,4,SO,VGK,True,True,VGK,1.0,7,-0.4606910894742739,VGK,True,0.5917159763313609,13763.61376,0.8,0.585,0.485,0.275
2026020066,2026-10-09,7:00 PM,Seattle Kraken,Detroit Red Wings,SEA,DET,rotowire,3.1754265719254016,3.0863832345696665,2.802699506055136,3.1168196035441667,28.68495332479619,27.59096928463834,0.8034621054603992,0.6433446379832974,-0.3727726926473165,-0.0277487251124542,0.2260109952139373,8476434,John Gibson,Confirmed,7.177798200241487,7.621673390430627,0,J.T. Compher (IR); Marco Kasper (IR); Mason Appleton (IR); Simon Edvinsson (OUT),2.749843335242459,3.273246237820133,2.897018698747826,3.1737466826042198,26.70994599656857,29.19242624920342,0.5413402374549965,0.6212750717381613,0.1478295887488777,0.1018471944981921,0.2208063468831908,8478916,Joey Daccord,Expected,7.361617524142529,7.283469912087431,0,Ryan Lindgren (IR); Jacob Melanson (IR); Jake O'Brien (IR-NR),0.4255832366829426,-0.1868630032504663,-0.0943191926926902,-0.0569270790600526,1.975007328227619,-1.601456964565081,0.2621218680054027,0.0220695662451361,-0.5206022813961942,-0.1295959196106464,0.0052046483307464,-0.1838193239010426,0.6029582069140222,3.212269723132032,2.812143478569052,6.024413201701084,-143,120,6.0,-115,-107,0.5642037302725968,0.5085451826532792,0.575,0.5642037302725968,0.0387544766414253,0.5798278799202936,6.0,0.4737022530106996,DET,0.5798278799202936,6,3,REG,SEA,False,False,DET,0.0,9,-2.9755867982989157,DET,False,0.0,8718.004006,0.785,0.555,0.445,0.255
2026020067,2026-10-09,7:00 PM,New York Rangers,Washington Capitals,NYR,WSH,rotowire,3.2007972239056235,3.327079949510801,3.2196115920930355,2.918599890833792,27.003602501593708,28.75411134532732,0.6930562115213537,0.7666495962074086,0.0177991399524311,0.4106839312349999,0.5830145734980029,8480313,Logan Thompson,Expected,9.058224669115305,8.310736494446028,0,Matt Roy (DTD); Rasmus Sandin (IR-NR); Patrick Thomas (IR-NR),3.0916462005783103,3.263495777540024,3.109314427525401,2.688008746532023,25.428591414096864,27.652436939264657,0.6594455489937133,0.7089099749365014,0.015105151176415,0.5777555661158171,0.575512742496111,8478048,Igor Shesterkin,Expected,8.058882967996139,7.476145948322237,0,Adam Sykora (IR); Joe Veleno (IR); Joonas Korpisalo (IR); Aidan Thompson (IR-NR),0.1091510233273131,0.0635841719707772,0.1102971645676342,0.2305911443017692,1.5750110874968437,1.10167440606266,0.0336106625276403,0.0577396212709071,0.0026939887760161,-0.1670716348808171,0.0075018310018919,0.999341701119164,0.5758598301381083,3.275933501554243,2.829642322810676,6.105575824364919,-144,120,5.5,-121,100,0.5649072753209701,0.5226781857451405,0.5549999999999999,0.5649072753209701,0.0109525548171381,0.5692965263284442,5.5,0.5711256753510132,WSH,0.5692965263284442,1,3,REG,WSH,True,True,WSH,1.0,4,2.1055758243649194,WSH,False,0.0,5170.299223999999,0.765,0.515,0.415,0.235
2026020068,2026-10-09,7:00 PM,Pittsburgh Penguins,Columbus Blue Jackets,PIT,CBJ,rotowire,3.003896716998533,2.998274672086906,2.9301791065791303,2.9596586962079305,27.82044428975692,27.66033445863089,0.5578163905196656,0.7292016200415314,-0.0749496918054919,0.0402676915216423,0.3990596619498559,8482982,Jet Greaves,Expected,7.850486744502658,8.313618340687484,0,Ivan Provorov (IR); Dante Fabbro (IR); Riley Bezeau (IR-NR); Isac Lundestrom (IR-LT),3.332108568726027,3.1996482626716927,3.681392667667897,3.306924996610292,28.82632522199385,27.475802218418607,0.6830354906400404,0.6125760182904697,0.3451122588440859,-0.1095168151957864,-0.185442906686083,8481668,Arturs Silovs,Expected,8.586280760782042,8.053604884344894,0,Andrei Kuzmenko (IR-NR); Justin Brazeau (IR); Ryan Graves (IR),-0.3282118517274939,-0.2013735905847866,-0.7512135610887669,-0.3472663004023615,-1.0058809322369342,0.1845322402122846,-0.1252191001203748,0.1166256017510617,-0.4200619506495778,0.1497845067174287,0.584502568635939,-0.7357940162793843,0.5317117490375811,3.283871621587439,2.990661398800013,6.274533020387452,-124,104,6.5,-105,-115,0.5303589399530358,0.4891657638136511,0.535,0.5303589399530358,0.0013528090845452,0.5309001182445705,6.5,0.4377034760058581,CBJ,0.5309001182445705,2,3,SO,CBJ,True,True,CBJ,1.0,5,1.2745330203874516,CBJ,False,0.0,37025.144697,0.795,0.595,0.485,0.275
2026020069,2026-10-09,8:00 PM,Anaheim Ducks,Winnipeg Jets,ANA,WPG,rotowire,3.083057917441294,3.252679175402652,2.785041368469689,3.0244301722309777,27.18916453589007,28.672450212303517,0.6227448712337758,0.6411643087644283,-0.3068048805262849,0.2281458570625809,0.3070712728968132,8479973,Stuart Skinner,Expected,7.376177735151837,7.621497620253159,0,Connor Hellebuyck (IR-NR); Josh Morrissey (DTD); Garrett Brown (IR-NR); Walker Duehr (IR-NR),3.393259539177115,3.295670542239224,3.064024914981902,3.352995989849332,29.52530183540119,27.533200097179776,0.8125140111474667,0.712249551924591,-0.3308435142344171,-0.0464500338556638,0.21036117882771,8480843,Lukas Dostal,Expected,7.034898223418131,7.633097608167711,0,Drew Helleson (IR); Ian Moore (IR); Troy Terry (IR-LT),-0.3102016217358208,-0.042991366836572,-0.278983546512213,-0.3285658176183541,-2.336137299511119,1.1392501151237369,-0.1897691399136909,-0.0710852431601627,0.0240386337081322,0.2745958909182447,0.0967100940691032,0.3412795117337062,0.4954903672903252,3.18835308828074,2.9578217854436324,6.146174873724372,-125,105,6.5,-101,-116,0.5324675324675325,0.4833820792342461,0.525,0.5324675324675325,-0.0369771651772073,0.5176966722046782,6.5,0.4171625239619096,WPG,0.5176966722046782,5,1,REG,ANA,False,True,WPG,0.0,6,0.1461748737243722,ANA,False,0.0,4694.632645,0.805,0.585,0.485,0.275
